1	0	1	2496.051	1.718	-1.794	0	-64.769	-62.022
		2	2464.344	-4.88	5.096	0	-55.163	-52.824
		3	2432.638	-11.479	11.987	0	-5.468	-5.236
		4	2400.931	-18.077	18.878	0	84.318	80.742
		5	2369.224	-24.676	25.768	0	214.193	205.109
1	1	1	2496.051	-1.718	-1.794	0	-64.769	62.022
		2	2464.344	4.88	5.096	0	-55.163	52.824
		3	2432.638	11.479	11.987	0	-5.468	5.236
		4	2400.931	18.077	18.878	0	84.318	-80.742
		5	2369.224	24.676	25.768	0	214.193	-205.109
1	2	1	2496.051	-1.718	1.794	0	64.769	62.022
		2	2464.344	4.88	-5.096	0	55.163	52.824
		3	2432.638	11.479	-11.987	0	5.468	5.236
		4	2400.931	18.077	-18.878	0	-84.318	-80.742
		5	2369.224	24.676	-25.768	0	-214.193	-205.109
1	3	1	2496.051	1.718	1.794	0	64.769	-62.022
		2	2464.344	-4.88	-5.096	0	55.163	-52.824
		3	2432.638	-11.479	-11.987	0	5.468	-5.236
		4	2400.931	-18.077	-18.878	0	-84.318	80.742
		5	2369.224	-24.676	-25.768	0	-214.193	205.109
1	4	1	399.321	-3.125	77.315	-13.489	-246.749	-107.83
		2	431.785	-7.497	37.248	-13.489	51.876	-80.141
		3	464.249	-11.869	-2.82	-13.489	141.617	-29.66
		4	496.713	-16.241	-42.887	-13.489	22.475	43.613
		5	529.177	-20.613	-82.955	-13.489	-305.55	139.677
1	5	1	399.321	-3.125	-77.315	13.489	246.749	-107.83
		2	431.785	-7.497	-37.248	13.489	-51.876	-80.141
		3	464.249	-11.869	2.82	13.489	-141.617	-29.66
		4	496.713	-16.241	42.887	13.489	-22.475	43.613
		5	529.177	-20.613	82.955	13.489	305.55	139.677
1	6	1	221.023	-20.886	69.766	-24.562	-255.304	-155.354
		2	200.243	-23.684	44.119	-24.562	-46.418	-73.605
		3	179.463	-26.483	18.472	-24.562	68.384	18.41
		4	158.683	-29.281	-7.176	-24.562	89.104	120.69
		5	137.903	-32.079	-32.823	-24.562	15.739	233.236
1	7	1	221.023	-20.886	-69.766	24.562	255.304	-155.354
		2	200.243	-23.684	-44.119	24.562	46.418	-73.605
		3	179.463	-26.483	-18.472	24.562	-68.384	18.41
		4	158.683	-29.281	7.176	24.562	-89.104	120.69
		5	137.903	-32.079	32.823	24.562	-15.739	233.236
1	8	1	399.321	-76.809	9.372	-13.489	66.666	-260.898
		2	431.785	-37.969	-1.398	-13.489	87.452	38.286
		3	464.249	.871	-12.168	-13.489	52.089	134.988
		4	496.713	39.71	-22.939	-13.489	-39.422	29.208
		5	529.177	78.55	-33.709	-13.489	-187.081	-279.053
1	9	1	399.321	76.809	9.372	13.489	66.666	260.898
		2	431.785	37.969	-1.398	13.489	87.452	-38.286
		3	464.249	-.871	-12.168	13.489	52.089	-134.988
		4	496.713	-39.71	-22.939	13.489	-39.422	-29.208
		5	529.177	-78.55	-33.709	13.489	-187.081	279.053
1	10	1	221.023	72.22	9.372	-24.562	-112.19	276.999
		2	200.243	47.359	16.266	-24.562	-65.165	57.671
		3	179.463	22.497	23.16	-24.562	7.151	-70.457
		4	158.683	-2.364	30.055	-24.562	104.757	-107.385
		5	137.903	-27.225	36.949	-24.562	227.653	-53.112
1	11	1	221.023	-72.22	9.372	24.562	-112.19	-276.999
		2	200.243	-47.359	16.266	24.562	-65.165	-57.671
		3	179.463	-22.497	23.16	24.562	7.151	70.457
		4	158.683	2.364	30.055	24.562	104.757	107.385
		5	137.903	27.225	36.949	24.562	227.653	53.112
1	12	1	399.321	3.125	-77.315	-13.489	246.749	107.83
		2	431.785	7.497	-37.248	-13.489	-51.876	80.141
		3	464.249	11.869	2.82	-13.489	-141.617	29.66
		4	496.713	16.241	42.887	-13.489	-22.475	-43.613
		5	529.177	20.613	82.955	-13.489	305.55	-139.677
1	13	1	399.321	3.125	77.315	13.489	-246.749	107.83
		2	431.785	7.497	37.248	13.489	51.876	80.141
		3	464.249	11.869	-2.82	13.489	141.617	29.66
		4	496.713	16.241	-42.887	13.489	22.475	-43.613
		5	529.177	20.613	-82.955	13.489	-305.55	-139.677
1	14	1	221.023	20.886	-69.766	-24.562	255.304	155.354
		2	200.243	23.684	-44.119	-24.562	46.418	73.605
		3	179.463	26.483	-18.472	-24.562	-68.384	-18.41
		4	158.683	29.281	7.176	-24.562	-89.104	-120.69
		5	137.903	32.079	32.823	-24.562	-15.739	-233.236
1	15	1	221.023	20.886	69.766	24.562	-255.304	155.354
		2	200.243	23.684	44.119	24.562	-46.418	73.605
		3	179.463	26.483	18.472	24.562	68.384	-18.41
		4	158.683	29.281	-7.176	24.562	89.104	-120.69
		5	137.903	32.079	-32.823	24.562	15.739	-233.236
1	16	1	399.321	76.809	-9.372	-13.489	-66.666	260.898
		2	431.785	37.969	1.398	-13.489	-87.452	-38.286
		3	464.249	-.871	12.168	-13.489	-52.089	-134.988
		4	496.713	-39.71	22.939	-13.489	39.422	-29.208
		5	529.177	-78.55	33.709	-13.489	187.081	279.053
1	17	1	399.321	-76.809	-9.372	13.489	-66.666	-260.898
		2	431.785	-37.969	1.398	13.489	-87.452	38.286
		3	464.249	.871	12.168	13.489	-52.089	134.988
		4	496.713	39.71	22.939	13.489	39.422	29.208
		5	529.177	78.55	33.709	13.489	187.081	-279.053
1	18	1	221.023	-72.22	-9.372	-24.562	112.19	-276.999
		2	200.243	-47.359	-16.266	-24.562	65.165	-57.671
		3	179.463	-22.497	-23.16	-24.562	-7.151	70.457
		4	158.683	2.364	-30.055	-24.562	-104.757	107.385
		5	137.903	27.225	-36.949	-24.562	-227.653	53.112
1	19	1	221.023	72.22	-9.372	24.562	112.19	276.999
		2	200.243	47.359	-16.266	24.562	65.165	57.671
		3	179.463	22.497	-23.16	24.562	-7.151	-70.457
		4	158.683	-2.364	-30.055	24.562	-104.757	-107.385
		5	137.903	-27.225	-36.949	24.562	-227.653	-53.112
1	20	1	2336.19	19.978	-20.863	0	112.742	107.961
		2	2313.879	15.335	-16.014	0	37.258	35.678
		3	2291.569	10.692	-11.165	0	-18.376	-17.597
		4	2269.258	6.049	-6.317	0	-54.161	-51.864
		5	2246.947	1.406	-1.468	0	-70.096	-67.123
1	21	1	2336.19	-19.978	-20.863	0	112.742	-107.961
		2	2313.879	-15.335	-16.014	0	37.258	-35.678
		3	2291.569	-10.692	-11.165	0	-18.376	17.597
		4	2269.258	-6.049	-6.317	0	-54.161	51.864
		5	2246.947	-1.406	-1.468	0	-70.096	67.123
1	22	1	2336.19	-19.978	20.863	0	-112.742	-107.961
		2	2313.879	-15.335	16.014	0	-37.258	-35.678
		3	2291.569	-10.692	11.165	0	18.376	17.597
		4	2269.258	-6.049	6.317	0	54.161	51.864
		5	2246.947	-1.406	1.468	0	70.096	67.123
1	23	1	2336.19	19.978	20.863	0	-112.742	107.961
		2	2313.879	15.335	16.014	0	-37.258	35.678
		3	2291.569	10.692	11.165	0	18.376	-17.597
		4	2269.258	6.049	6.317	0	54.161	-51.864
		5	2246.947	1.406	1.468	0	70.096	-67.123
1	24	1	-39.522	-1.867	23.117	.693	46.007	-36.495
		2	-22.675	-4.136	2.324	.693	92.671	-25.484
		3	-5.828	-6.405	-18.468	.693	63.06	-6.15
		4	11.019	-8.674	-39.261	.693	-42.825	21.506
		5	27.865	-10.942	-60.053	.693	-224.985	57.485
1	25	1	-39.522	-1.867	-23.117	-.693	-46.007	-36.495
		2	-22.675	-4.136	-2.324	-.693	-92.671	-25.484
		3	-5.828	-6.405	18.468	-.693	-63.06	-6.15
		4	11.019	-8.674	39.261	-.693	42.825	21.506
		5	27.865	-10.942	60.053	-.693	224.985	57.485
1	26	1	-125.973	-9.775	48.199	-.583	-121.628	-63.728
		2	-139.082	-11.54	32.02	-.583	-18.095	-36.218
		3	-152.191	-13.306	15.841	-.583	43.675	-4.151
		4	-165.3	-15.071	-.339	-.583	63.682	32.472
		5	-178.408	-16.836	-16.518	-.583	41.927	73.653
1	27	1	-125.973	-9.775	-48.199	.583	121.628	-63.728
		2	-139.082	-11.54	-32.02	.583	18.095	-36.218
		3	-152.191	-13.306	-15.841	.583	-43.675	-4.151
		4	-165.3	-15.071	.339	.583	-63.682	32.472
		5	-178.408	-16.836	16.518	.583	-41.927	73.653
1	28	1	-39.522	-23.116	1.882	.693	43.431	39.526
		2	-22.675	-2.96	-3.708	.693	40.082	87.354
		3	-5.828	17.195	-9.297	.693	16.23	61.245
		4	11.019	37.35	-14.886	.693	-28.125	-38.801
		5	27.865	57.506	-20.475	.693	-92.983	-212.784
1	29	1	-39.522	23.116	1.882	-.693	43.431	-39.526
		2	-22.675	2.96	-3.708	-.693	40.082	-87.354
		3	-5.828	-17.195	-9.297	-.693	16.23	-61.245
		4	11.019	-37.35	-14.886	-.693	-28.125	38.801
		5	27.865	-57.506	-20.475	-.693	-92.983	212.784
1	30	1	-125.973	49.144	1.882	-.583	-43.299	130.307
		2	-139.082	33.461	6.231	-.583	-32.829	23.694
		3	-152.191	17.777	10.58	-.583	-11.134	-42.435
		4	-165.3	2.094	14.929	-.583	21.788	-68.082
		5	-178.408	-13.589	19.278	-.583	65.935	-53.246
1	31	1	-125.973	-49.144	1.882	.583	-43.299	-130.307
		2	-139.082	-33.461	6.231	.583	-32.829	-23.694
		3	-152.191	-17.777	10.58	.583	-11.134	42.435
		4	-165.3	-2.094	14.929	.583	21.788	68.082
		5	-178.408	13.589	19.278	.583	65.935	53.246
1	32	1	-39.522	1.867	-23.117	.693	-46.007	36.495
		2	-22.675	4.136	-2.324	.693	-92.671	25.484
		3	-5.828	6.405	18.468	.693	-63.06	6.15
		4	11.019	8.674	39.261	.693	42.825	-21.506
		5	27.865	10.942	60.053	.693	224.985	-57.485
1	33	1	-39.522	1.867	23.117	-.693	46.007	36.495
		2	-22.675	4.136	2.324	-.693	92.671	25.484
		3	-5.828	6.405	-18.468	-.693	63.06	6.15
		4	11.019	8.674	-39.261	-.693	-42.825	-21.506
		5	27.865	10.942	-60.053	-.693	-224.985	-57.485
1	34	1	-125.973	9.775	-48.199	-.583	121.628	63.728
		2	-139.082	11.54	-32.02	-.583	18.095	36.218
		3	-152.191	13.306	-15.841	-.583	-43.675	4.151
		4	-165.3	15.071	.339	-.583	-63.682	-32.472
		5	-178.408	16.836	16.518	-.583	-41.927	-73.653
1	35	1	-125.973	9.775	48.199	.583	-121.628	63.728
		2	-139.082	11.54	32.02	.583	-18.095	36.218
		3	-152.191	13.306	15.841	.583	43.675	4.151
		4	-165.3	15.071	-.339	.583	63.682	-32.472
		5	-178.408	16.836	-16.518	.583	41.927	-73.653
1	36	1	-39.522	23.116	-1.882	.693	-43.431	-39.526
		2	-22.675	2.96	3.708	.693	-40.082	-87.354
		3	-5.828	-17.195	9.297	.693	-16.23	-61.245
		4	11.019	-37.35	14.886	.693	28.125	38.801
		5	27.865	-57.506	20.475	.693	92.983	212.784
1	37	1	-39.522	-23.116	-1.882	-.693	-43.431	39.526
		2	-22.675	-2.96	3.708	-.693	-40.082	87.354
		3	-5.828	17.195	9.297	-.693	-16.23	61.245
		4	11.019	37.35	14.886	-.693	28.125	-38.801
		5	27.865	57.506	20.475	-.693	92.983	-212.784
1	38	1	-125.973	-49.144	-1.882	-.583	43.299	-130.307
		2	-139.082	-33.461	-6.231	-.583	32.829	-23.694
		3	-152.191	-17.777	-10.58	-.583	11.134	42.435
		4	-165.3	-2.094	-14.929	-.583	-21.788	68.082
		5	-178.408	13.589	-19.278	-.583	-65.935	53.246
1	39	1	-125.973	49.144	-1.882	.583	43.299	130.307
		2	-139.082	33.461	-6.231	.583	32.829	23.694
		3	-152.191	17.777	-10.58	.583	11.134	-42.435
		4	-165.3	2.094	-14.929	.583	-21.788	-68.082
		5	-178.408	-13.589	-19.278	.583	-65.935	-53.246
1	40	1	1387.538	-7.061	7.374	0	-115.039	-110.16
		2	1360.517	-12.684	13.246	0	-85.34	-81.72
		3	1333.496	-18.307	19.118	0	-38.724	-37.082
		4	1306.475	-23.931	24.99	0	24.807	23.755
		5	1279.454	-29.554	30.863	0	105.255	100.791
1	41	1	1387.538	7.061	7.374	0	-115.039	110.16
		2	1360.517	12.684	13.246	0	-85.34	81.72
		3	1333.496	18.307	19.118	0	-38.724	37.082
		4	1306.475	23.931	24.99	0	24.807	-23.755
		5	1279.454	29.554	30.863	0	105.255	-100.791
1	42	1	1387.538	7.061	-7.374	0	115.039	110.16
		2	1360.517	12.684	-13.246	0	85.34	81.72
		3	1333.496	18.307	-19.118	0	38.724	37.082
		4	1306.475	23.931	-24.99	0	-24.807	-23.755
		5	1279.454	29.554	-30.863	0	-105.255	-100.791
1	43	1	1387.538	-7.061	-7.374	0	115.039	-110.16
		2	1360.517	-12.684	-13.246	0	85.34	-81.72
		3	1333.496	-18.307	-19.118	0	38.724	-37.082
		4	1306.475	-23.931	-24.99	0	-24.807	23.755
		5	1279.454	-29.554	-30.863	0	-105.255	100.791
1	44	1	283.907	1.248	49.015	-10.71	-28.988	-29.286
		2	306.973	-1.859	20.547	-10.71	60.79	-28.497
		3	330.039	-4.965	-7.922	-10.71	77.084	-19.691
		4	353.105	-8.071	-36.391	-10.71	19.892	-2.866
		5	376.171	-11.177	-64.859	-10.71	-110.785	21.977
1	45	1	283.907	1.248	-49.015	10.71	28.988	-29.286
		2	306.973	-1.859	-20.547	10.71	-60.79	-28.497
		3	330.039	-4.965	7.922	10.71	-77.084	-19.691
		4	353.105	-8.071	36.391	10.71	-19.892	-2.866
		5	376.171	-11.177	64.859	10.71	110.785	21.977
1	46	1	166.763	-17.023	47.619	-8.841	-84.99	-62.128
		2	154.474	-18.678	32.452	-8.841	-12.272	-29.706
		3	142.185	-20.333	17.285	-8.841	32.897	5.723
		4	129.896	-21.988	2.117	-8.841	50.517	44.157
		5	117.608	-23.643	-13.05	-8.841	40.589	85.597
1	47	1	166.763	-17.023	-47.619	8.841	84.99	-62.128
		2	154.474	-18.678	-32.452	8.841	12.272	-29.706
		3	142.185	-20.333	-17.285	8.841	-32.897	5.723
		4	129.896	-21.988	-2.117	8.841	-50.517	44.157
		5	117.608	-23.643	13.05	8.841	-40.589	85.597
1	48	1	283.907	-48.174	9.129	-10.71	24.233	-33.328
		2	306.973	-20.578	1.476	-10.71	37.919	55.404
		3	330.039	7.019	-6.176	-10.71	31.853	72.904
		4	353.105	34.615	-13.829	-10.71	6.034	19.17
		5	376.171	62.211	-21.481	-10.71	-39.539	-105.796
1	49	1	283.907	48.174	9.129	10.71	24.233	33.328
		2	306.973	20.578	1.476	10.71	37.919	-55.404
		3	330.039	-7.019	-6.176	10.71	31.853	-72.904
		4	353.105	-34.615	-13.829	10.71	6.034	-19.17
		5	376.171	-62.211	-21.481	10.71	-39.539	105.796
1	50	1	166.763	49.74	9.129	-8.841	-47.623	93.889
		2	154.474	35.037	13.206	-8.841	-27.34	16.898
		3	142.185	20.335	17.283	-8.841	.348	-33.389
		4	129.896	5.632	21.36	-8.841	35.441	-56.971
		5	117.608	-9.07	25.437	-8.841	77.94	-53.85
1	51	1	166.763	-49.74	9.129	8.841	-47.623	-93.889
		2	154.474	-35.037	13.206	8.841	-27.34	-16.898
		3	142.185	-20.335	17.283	8.841	.348	33.389
		4	129.896	-5.632	21.36	8.841	35.441	56.971
		5	117.608	9.07	25.437	8.841	77.94	53.85
1	52	1	283.907	-1.248	-49.015	-10.71	28.988	29.286
		2	306.973	1.859	-20.547	-10.71	-60.79	28.497
		3	330.039	4.965	7.922	-10.71	-77.084	19.691
		4	353.105	8.071	36.391	-10.71	-19.892	2.866
		5	376.171	11.177	64.859	-10.71	110.785	-21.977
1	53	1	283.907	-1.248	49.015	10.71	-28.988	29.286
		2	306.973	1.859	20.547	10.71	60.79	28.497
		3	330.039	4.965	-7.922	10.71	77.084	19.691
		4	353.105	8.071	-36.391	10.71	19.892	2.866
		5	376.171	11.177	-64.859	10.71	-110.785	-21.977
1	54	1	166.763	17.023	-47.619	-8.841	84.99	62.128
		2	154.474	18.678	-32.452	-8.841	12.272	29.706
		3	142.185	20.333	-17.285	-8.841	-32.897	-5.723
		4	129.896	21.988	-2.117	-8.841	-50.517	-44.157
		5	117.608	23.643	13.05	-8.841	-40.589	-85.597
1	55	1	166.763	17.023	47.619	8.841	-84.99	62.128
		2	154.474	18.678	32.452	8.841	-12.272	29.706
		3	142.185	20.333	17.285	8.841	32.897	-5.723
		4	129.896	21.988	2.117	8.841	50.517	-44.157
		5	117.608	23.643	-13.05	8.841	40.589	-85.597
1	56	1	283.907	48.174	-9.129	-10.71	-24.233	33.328
		2	306.973	20.578	-1.476	-10.71	-37.919	-55.404
		3	330.039	-7.019	6.176	-10.71	-31.853	-72.904
		4	353.105	-34.615	13.829	-10.71	-6.034	-19.17
		5	376.171	-62.211	21.481	-10.71	39.539	105.796
1	57	1	283.907	-48.174	-9.129	10.71	-24.233	-33.328
		2	306.973	-20.578	-1.476	10.71	-37.919	55.404
		3	330.039	7.019	6.176	10.71	-31.853	72.904
		4	353.105	34.615	13.829	10.71	-6.034	19.17
		5	376.171	62.211	21.481	10.71	39.539	-105.796
1	58	1	166.763	-49.74	-9.129	-8.841	47.623	-93.889
		2	154.474	-35.037	-13.206	-8.841	27.34	-16.898
		3	142.185	-20.335	-17.283	-8.841	-.348	33.389
		4	129.896	-5.632	-21.36	-8.841	-35.441	56.971
		5	117.608	9.07	-25.437	-8.841	-77.94	53.85
1	59	1	166.763	49.74	-9.129	8.841	47.623	93.889
		2	154.474	35.037	-13.206	8.841	27.34	16.898
		3	142.185	20.335	-17.283	8.841	-.348	-33.389
		4	129.896	5.632	-21.36	8.841	-35.441	-56.971
		5	117.608	-9.07	-25.437	8.841	-77.94	-53.85
1	60	1	-102.177	0	-26.57	0	39.527	0
		2	-102.177	0	-13.285	0	-16.016	0
		3	-102.177	0	0	0	-34.531	0
		4	-102.177	0	13.285	0	-16.016	0
		5	-102.177	0	26.57	0	39.527	0
1	61	1	-102.177	0	26.57	0	-39.527	0
		2	-102.177	0	13.285	0	16.016	0
		3	-102.177	0	0	0	34.531	0
		4	-102.177	0	-13.285	0	16.016	0
		5	-102.177	0	-26.57	0	-39.527	0
1	62	1	-102.177	0	26.57	0	-39.527	0
		2	-102.177	0	13.285	0	16.016	0
		3	-102.177	0	0	0	34.531	0
		4	-102.177	0	-13.285	0	16.016	0
		5	-102.177	0	-26.57	0	-39.527	0
1	63	1	-102.177	0	-26.57	0	39.527	0
		2	-102.177	0	-13.285	0	-16.016	0
		3	-102.177	0	0	0	-34.531	0
		4	-102.177	0	13.285	0	-16.016	0
		5	-102.177	0	26.57	0	39.527	0
1	64	1	0	0	0	0	0	0
		2	12.31	0	0	0	0	0
		3	24.62	0	0	0	0	0
		4	36.931	0	0	0	0	0
		5	49.241	0	0	0	0	0
1	65	1	49.241	0	0	0	0	0
		2	62.69	0	0	0	0	0
		3	76.14	0	0	0	0	0
		4	89.59	0	0	0	0	0
		5	103.039	0	0	0	0	0
1	66	1	103.039	0	0	0	0	0
		2	117.267	0	0	0	0	0
		3	131.494	0	0	0	0	0
		4	145.722	0	0	0	0	0
		5	159.95	0	0	0	0	0
1	67	1	159.95	0	0	0	0	0
		2	174.344	0	0	0	0	0
		3	188.739	0	0	0	0	0
		4	203.134	0	0	0	0	0
		5	217.528	0	0	0	0	0
1	68	1	217.528	0	0	0	0	0
		2	232.723	0	0	0	0	0
		3	247.917	0	0	0	0	0
		4	263.112	0	0	0	0	0
		5	278.306	0	0	0	0	0
1	69	1	278.306	0	0	0	0	0
		2	293.679	0	0	0	0	0
		3	309.051	0	0	0	0	0
		4	324.423	0	0	0	0	0
		5	339.795	0	0	0	0	0
1	70	1	339.795	0	0	0	0	0
		2	355.986	0	0	0	0	0
		3	372.176	0	0	0	0	0
		4	388.366	0	0	0	0	0
		5	404.557	0	0	0	0	0
1	71	1	404.557	0	0	0	0	0
		2	421.583	0	0	0	0	0
		3	438.61	0	0	0	0	0
		4	455.637	0	0	0	0	0
		5	472.663	0	0	0	0	0
1	72	1	472.663	0	0	0	0	0
		2	489.878	0	0	0	0	0
		3	507.094	0	0	0	0	0
		4	524.309	0	0	0	0	0
		5	541.524	0	0	0	0	0
1	73	1	541.524	0	0	0	0	0
		2	559.597	0	0	0	0	0
		3	577.67	0	0	0	0	0
		4	595.744	0	0	0	0	0
		5	613.817	0	0	0	0	0
1	74	1	613.817	0	0	0	0	0
		2	632.086	0	0	0	0	0
		3	650.355	0	0	0	0	0
		4	668.624	0	0	0	0	0
		5	686.893	0	0	0	0	0
1	75	1	686.893	0	0	0	0	0
		2	706.042	0	0	0	0	0
		3	725.191	0	0	0	0	0
		4	744.34	0	0	0	0	0
		5	763.488	0	0	0	0	0
1	76	1	763.488	0	0	0	0	0
		2	782.845	0	0	0	0	0
		3	802.201	0	0	0	0	0
		4	821.557	0	0	0	0	0
		5	840.913	0	0	0	0	0
1	77	1	840.913	0	0	0	0	0
		2	861.167	0	0	0	0	0
		3	881.42	0	0	0	0	0
		4	901.674	0	0	0	0	0
		5	921.927	0	0	0	0	0
1	78	1	921.927	0	0	0	0	0
		2	942.395	0	0	0	0	0
		3	962.864	0	0	0	0	0
		4	983.332	0	0	0	0	0
		5	1003.8	0	0	0	0	0
1	79	1	1003.8	0	0	0	0	0
		2	1024.479	0	0	0	0	0
		3	1045.157	0	0	0	0	0
		4	1065.836	0	0	0	0	0
		5	1086.515	0	0	0	0	0
1	80	1	1086.515	0	0	0	0	0
		2	1108.124	0	0	0	0	0
		3	1129.733	0	0	0	0	0
		4	1151.342	0	0	0	0	0
		5	1172.952	0	0	0	0	0
1	81	1	1172.952	0	0	0	0	0
		2	1194.779	0	0	0	0	0
		3	1216.606	0	0	0	0	0
		4	1238.433	0	0	0	0	0
		5	1260.26	0	0	0	0	0
1	82	1	1260.26	0	0	0	0	0
		2	1283.039	0	0	0	0	0
		3	1305.818	0	0	0	0	0
		4	1328.598	0	0	0	0	0
		5	1351.377	0	0	0	0	0
1	83	1	1351.377	0	0	0	0	0
		2	1374.381	0	0	0	0	0
		3	1397.386	0	0	0	0	0
		4	1420.39	0	0	0	0	0
		5	1443.394	0	0	0	0	0
1	84	1	1443.394	0	0	0	0	0
		2	1466.628	0	0	0	0	0
		3	1489.862	0	0	0	0	0
		4	1513.096	0	0	0	0	0
		5	1536.33	0	0	0	0	0
1	85	1	1536.33	0	0	0	0	0
		2	1560.545	0	0	0	0	0
		3	1584.761	0	0	0	0	0
		4	1608.976	0	0	0	0	0
		5	1633.192	0	0	0	0	0
1	86	1	1633.192	0	0	0	0	0
		2	1657.639	0	0	0	0	0
		3	1682.087	0	0	0	0	0
		4	1706.535	0	0	0	0	0
		5	1730.982	0	0	0	0	0
1	87	1	1730.982	0	0	0	0	0
		2	1755.667	0	0	0	0	0
		3	1780.351	0	0	0	0	0
		4	1805.036	0	0	0	0	0
		5	1829.721	0	0	0	0	0
1	88	1	1829.721	0	0	0	0	0
		2	1854.637	0	0	0	0	0
		3	1879.554	0	0	0	0	0
		4	1904.471	0	0	0	0	0
		5	1929.388	0	0	0	0	0
1	89	1	1929.388	0	0	0	0	0
		2	1955.323	0	0	0	0	0
		3	1981.257	0	0	0	0	0
		4	2007.192	0	0	0	0	0
		5	2033.127	0	0	0	0	0
1	90	1	2033.127	0	0	0	0	0
		2	2060.089	0	0	0	0	0
		3	2087.051	0	0	0	0	0
		4	2114.014	0	0	0	0	0
		5	2140.976	0	0	0	0	0
1	91	1	2140.976	0	0	0	0	0
		2	2168.985	0	0	0	0	0
		3	2196.994	0	0	0	0	0
		4	2225.003	0	0	0	0	0
		5	2253.012	0	0	0	0	0
1	92	1	2253.012	0	0	0	0	0
		2	2281.281	0	0	0	0	0
		3	2309.549	0	0	0	0	0
		4	2337.817	0	0	0	0	0
		5	2366.086	0	0	0	0	0
1	93	1	2366.086	0	0	0	0	0
		2	2395.417	0	0	0	0	0
		3	2424.749	0	0	0	0	0
		4	2454.081	0	0	0	0	0
		5	2483.413	0	0	0	0	0
1	94	1	2483.413	0	0	0	0	0
		2	2513.827	0	0	0	0	0
		3	2544.242	0	0	0	0	0
		4	2574.657	0	0	0	0	0
		5	2605.072	0	0	0	0	0
1	95	1	-565.926	0	0	0	0	0
		2	-483.985	0	0	0	0	0
		3	-402.044	0	0	0	0	0
		4	-320.103	0	0	0	0	0
		5	-238.162	0	0	0	0	0
1	96	1	-645.806	0	-177.959	0	198.096	0
		2	-645.806	0	-118.584	0	-94.129	0
		3	-645.806	0	-59.209	0	-269.333	0
		4	-645.806	0	.165	0	-327.517	0
		5	-645.806	0	59.54	0	-268.681	0
1	97	1	1568.917	61.621	-94.864	0	25.638	16.654
		2	1518.19	29.277	-45.072	0	-155.734	-101.16
		3	1467.463	-3.066	4.721	0	-208.033	-135.132
		4	1416.736	-35.41	54.513	0	-131.26	-85.262
		5	1366.009	-67.753	104.305	0	74.585	48.448
1	98	1	-645.806	0	-177.959	0	198.096	0
		2	-645.806	0	-118.584	0	-94.129	0
		3	-645.806	0	-59.209	0	-269.333	0
		4	-645.806	0	.165	0	-327.517	0
		5	-645.806	0	59.54	0	-268.681	0
1	99	1	1568.917	-61.621	-94.864	0	25.638	-16.654
		2	1518.19	-29.277	-45.072	0	-155.734	101.16
		3	1467.463	3.066	4.721	0	-208.033	135.132
		4	1416.736	35.41	54.513	0	-131.26	85.262
		5	1366.009	67.753	104.305	0	74.585	-48.448
1	100	1	-645.806	0	177.959	0	-198.096	0
		2	-645.806	0	118.584	0	94.129	0
		3	-645.806	0	59.209	0	269.333	0
		4	-645.806	0	-.165	0	327.517	0
		5	-645.806	0	-59.54	0	268.681	0
1	101	1	1568.917	-61.621	94.864	0	-25.638	-16.654
		2	1518.19	-29.277	45.072	0	155.734	101.16
		3	1467.463	3.066	-4.721	0	208.033	135.132
		4	1416.736	35.41	-54.513	0	131.26	85.262
		5	1366.009	67.753	-104.305	0	-74.585	-48.448
1	102	1	-645.806	0	177.959	0	-198.096	0
		2	-645.806	0	118.584	0	94.129	0
		3	-645.806	0	59.209	0	269.333	0
		4	-645.806	0	-.165	0	327.517	0
		5	-645.806	0	-59.54	0	268.681	0
1	103	1	1568.917	61.621	94.864	0	-25.638	16.654
		2	1518.19	29.277	45.072	0	155.734	-101.16
		3	1467.463	-3.066	-4.721	0	208.033	-135.132
		4	1416.736	-35.41	-54.513	0	131.26	-85.262
		5	1366.009	-67.753	-104.305	0	-74.585	48.448